ALL FOODS — daily summary,,,,,,,,,,,,,,,,,,,
Добавяй нова храна или ястие в следващия празен ред. Стойностите в C:K са за 100 g; ястията използват общите суми от своя таб.,,,,,,,,,,,,,,,,,,,
DAILY TOTAL,0.00,,,,,,,,,,0.00,0.00,0.00,0.00,0.00,0.00,0.00,0.00,0.00
,,,,,,,,,,,,,,,,,,,
food_name,grams_eaten (all meals),calories / 100g,fat / 100g,saturated_fat / 100g,carbohydrates / 100g,sugars / 100g,protein / 100g,fiber / 100g,omega-3 / 100g,omega-6 / 100g,calories total,fat total,saturated_fat total,carbohydrates total,sugars total,protein total,fiber total,omega-3 total,omega-6 total
Chia seeds,0.00,452.00,32.00,3.10,4.30,1.00,21.00,32.00,19.50,5.50,0.00,0.00,0.00,0.00,0.00,0.00,0.00,0.00,0.00
Biscuit whey,0.00,399.00,6.00,2.50,13.00,6.50,73.00,0.00,0.00,0.00,0.00,0.00,0.00,0.00,0.00,0.00,0.00,0.00,0.00
Heinz ketchup no sugar,0.00,40.00,0.10,0.00,5.90,5.00,1.60,0.00,0.00,0.00,0.00,0.00,0.00,0.00,0.00,0.00,0.00,0.00,0.00
Heinz mustard,0.00,120.00,5.20,0.30,9.40,5.30,5.60,0.00,0.00,0.00,0.00,0.00,0.00,0.00,0.00,0.00,0.00,0.00,0.00
Pink Skyr,0.00,52.00,0.20,0.10,3.60,3.60,8.50,0.00,0.00,0.00,0.00,0.00,0.00,0.00,0.00,0.00,0.00,0.00,0.00
Beef mincemeat cooked,0.00,214.00,11.10,4.40,0.00,0.00,26.60,0.00,0.00,0.00,0.00,0.00,0.00,0.00,0.00,0.00,0.00,0.00,0.00
Chicken fillet cooked,0.00,165.00,3.57,1.01,0.00,0.00,31.02,0.00,0.00,0.00,0.00,0.00,0.00,0.00,0.00,0.00,0.00,0.00,0.00
Kiwi,0.00,61.00,0.52,0.03,14.66,8.99,1.14,3.00,0.00,0.00,0.00,0.00,0.00,0.00,0.00,0.00,0.00,0.00,0.00
Banana,0.00,89.00,0.33,0.11,22.84,12.23,1.09,2.60,0.00,0.00,0.00,0.00,0.00,0.00,0.00,0.00,0.00,0.00,0.00
Green apple,0.00,52.00,0.17,0.03,13.81,10.39,0.26,2.40,0.00,0.00,0.00,0.00,0.00,0.00,0.00,0.00,0.00,0.00,0.00
Strawberries,0.00,32.00,0.30,0.02,7.68,4.89,0.67,2.00,0.00,0.00,0.00,0.00,0.00,0.00,0.00,0.00,0.00,0.00,0.00
Raspberries,0.00,52.00,0.65,0.02,11.94,4.42,1.20,6.50,0.00,0.00,0.00,0.00,0.00,0.00,0.00,0.00,0.00,0.00,0.00
Blueberries,0.00,57.00,0.33,0.03,14.49,9.96,0.74,2.40,0.00,0.00,0.00,0.00,0.00,0.00,0.00,0.00,0.00,0.00,0.00
Oats,0.00,389.00,6.90,1.22,66.27,0.99,16.89,10.60,0.00,0.00,0.00,0.00,0.00,0.00,0.00,0.00,0.00,0.00,0.00
Olive Oil,0.00,884.00,100.00,14.00,0.00,0.00,0.00,0.00,11.00,0.00,0.00,0.00,0.00,0.00,0.00,0.00,0.00,0.00,0.00
Potatoes Cooked,0.00,87.00,0.10,0.00,20.00,0.90,2.00,1.80,0.00,0.00,0.00,0.00,0.00,0.00,0.00,0.00,0.00,0.00,0.00
Verea yellow low fat milk,0.00,41.90,1.50,0.97,4.10,4.10,3.00,0.00,0.00,0.00,0.00,0.00,0.00,0.00,0.00,0.00,0.00,0.00,0.00
Coconut milk,0.00,13.00,1.20,1.10,0.10,0.10,0.10,0.70,0.00,0.00,0.00,0.00,0.00,0.00,0.00,0.00,0.00,0.00,0.00
Almond milk,0.00,0.00,0.00,0.00,0.00,0.00,0.00,0.00,0.00,0.00,0.00,0.00,0.00,0.00,0.00,0.00,0.00,0.00,0.00
Oat milk,0.00,47.00,1.70,0.20,6.40,5.00,0.80,1.50,0.00,0.00,0.00,0.00,0.00,0.00,0.00,0.00,0.00,0.00,0.00
Cocoa powder,0.00,308.00,11.00,6.50,12.00,0.00,21.00,31.00,0.00,0.00,0.00,0.00,0.00,0.00,0.00,0.00,0.00,0.00,0.00
Cacao protein,0.00,379.00,4.80,2.80,9.90,4.20,74.00,0.00,0.00,0.00,0.00,0.00,0.00,0.00,0.00,0.00,0.00,0.00,0.00
PB2 powder,0.00,459.00,12.00,3.20,33.00,16.00,50.00,9.60,0.00,0.00,0.00,0.00,0.00,0.00,0.00,0.00,0.00,0.00,0.00
Vanilla casein,0.00,341.00,1.90,1.00,3.90,3.90,77.00,0.00,0.00,0.00,0.00,0.00,0.00,0.00,0.00,0.00,0.00,0.00,0.00
Olympus cottage cheese,0.00,80.00,2.00,1.20,2.50,2.50,13.00,0.00,0.00,0.00,0.00,0.00,0.00,0.00,0.00,0.00,0.00,0.00,0.00
White rice cooked,0.00,130.00,0.28,0.08,28.17,0.05,2.69,0.40,0.01,0.06,0.00,0.00,0.00,0.00,0.00,0.00,0.00,0.00,0.00
Cocoa Ice Cream,0.00,,,,,,,,,,0.00,0.00,0.00,0.00,0.00,0.00,0.00,0.00,0.00
Vanilla ice cream,0.00,,,,,,,,,,0.00,0.00,0.00,0.00,0.00,0.00,0.00,0.00,0.00